[
    {
        "name": "symfony/event-dispatcher",
        "version": "v3.1.5",
        "version_normalized": "3.1.5.0",
        "source": {
            "type": "git",
            "url": "https://github.com/symfony/event-dispatcher.git",
            "reference": "c0c00c80b3a69132c4e55c3e7db32b4a387615e5"
        },
        "dist": {
            "type": "zip",
            "url": "https://api.github.com/repos/symfony/event-dispatcher/zipball/c0c00c80b3a69132c4e55c3e7db32b4a387615e5",
            "reference": "c0c00c80b3a69132c4e55c3e7db32b4a387615e5",
            "shasum": ""
        },
        "require": {
            "php": ">=5.5.9"
        },
        "require-dev": {
            "psr/log": "~1.0",
            "symfony/config": "~2.8|~3.0",
            "symfony/dependency-injection": "~2.8|~3.0",
            "symfony/expression-language": "~2.8|~3.0",
            "symfony/stopwatch": "~2.8|~3.0"
        },
        "suggest": {
            "symfony/dependency-injection": "",
            "symfony/http-kernel": ""
        },
        "time": "2016-07-19T10:45:57+00:00",
        "type": "library",
        "extra": {
            "branch-alias": {
                "dev-master": "3.1-dev"
            }
        },
        "installation-source": "dist",
        "autoload": {
            "psr-4": {
                "Symfony\\Component\\EventDispatcher\\": ""
            },
            "exclude-from-classmap": [
                "/Tests/"
            ]
        },
        "notification-url": "https://packagist.org/downloads/",
        "license": [
            "MIT"
        ],
        "authors": [
            {
                "name": "Fabien Potencier",
                "email": "fabien@symfony.com"
            },
            {
                "name": "Symfony Community",
                "homepage": "https://symfony.com/contributors"
            }
        ],
        "description": "Symfony EventDispatcher Component",
        "homepage": "https://symfony.com"
    },
    {
        "name": "lastguest/murmurhash",
        "version": "1.3.0",
        "version_normalized": "1.3.0.0",
        "source": {
            "type": "git",
            "url": "https://github.com/lastguest/murmurhash-php.git",
            "reference": "8eb06483456bc98f5adb7707d981a8ef6a065fa2"
        },
        "dist": {
            "type": "zip",
            "url": "https://api.github.com/repos/lastguest/murmurhash-php/zipball/8eb06483456bc98f5adb7707d981a8ef6a065fa2",
            "reference": "8eb06483456bc98f5adb7707d981a8ef6a065fa2",
            "shasum": ""
        },
        "require": {
            "php": ">=4.3"
        },
        "time": "2016-05-16T23:22:58+00:00",
        "type": "library",
        "installation-source": "dist",
        "autoload": {
            "files": [
                "murmurhash3.php"
            ]
        },
        "notification-url": "https://packagist.org/downloads/",
        "license": [
            "MIT"
        ],
        "authors": [
            {
                "name": "Stefano Azzolini",
                "email": "lastguest@gmail.com",
                "homepage": "https://github.com/lastguest/murmurhash-php"
            }
        ],
        "description": "MurmurHash3 Hash",
        "homepage": "https://github.com/lastguest/murmurhash-php",
        "keywords": [
            "hash",
            "hashing",
            "murmur"
        ]
    }
]
